{"minecraft:recipes/decorations/crafting_table":{"criteria":{"unlock_right_away":"2025-02-07 19:38:07 +0000"},"done":true},"minecraft:adventure/adventuring_time":{"criteria":{"minecraft:badlands":"2025-02-07 19:50:46 +0000","minecraft:savanna_plateau":"2025-02-07 20:07:00 +0000","minecraft:beach":"2025-02-07 20:43:51 +0000","minecraft:forest":"2025-02-07 20:46:21 +0000","minecraft:river":"2025-02-07 20:21:17 +0000","minecraft:lukewarm_ocean":"2025-02-07 20:04:41 +0000","minecraft:stony_shore":"2025-02-07 19:39:01 +0000","minecraft:eroded_badlands":"2025-02-07 19:50:06 +0000","minecraft:desert":"2025-02-07 19:51:13 +0000","minecraft:sunflower_plains":"2025-02-07 20:59:08 +0000","minecraft:savanna":"2025-02-07 19:38:07 +0000","minecraft:plains":"2025-02-07 20:50:49 +0000","minecraft:warm_ocean":"2025-02-07 19:51:17 +0000"},"done":false},"minecraft:adventure/root":{"criteria":{"killed_something":"2025-02-07 19:39:34 +0000"},"done":true},"minecraft:recipes/combat/leather_helmet":{"criteria":{"has_leather":"2025-02-07 19:39:35 +0000"},"done":true},"minecraft:recipes/combat/leather_leggings":{"criteria":{"has_leather":"2025-02-07 19:39:35 +0000"},"done":true},"minecraft:recipes/food/cooked_beef_from_smoking":{"criteria":{"has_beef":"2025-02-07 19:39:35 +0000"},"done":true},"minecraft:recipes/decorations/item_frame":{"criteria":{"has_leather":"2025-02-07 19:39:35 +0000"},"done":true},"minecraft:recipes/combat/leather_chestplate":{"criteria":{"has_leather":"2025-02-07 19:39:35 +0000"},"done":true},"minecraft:recipes/combat/leather_boots":{"criteria":{"has_leather":"2025-02-07 19:39:35 +0000"},"done":true},"minecraft:recipes/misc/leather_horse_armor":{"criteria":{"has_leather":"2025-02-07 19:39:35 +0000"},"done":true},"minecraft:recipes/food/cooked_beef":{"criteria":{"has_beef":"2025-02-07 19:39:35 +0000"},"done":true},"minecraft:recipes/food/cooked_beef_from_campfire_cooking":{"criteria":{"has_beef":"2025-02-07 19:39:35 +0000"},"done":true},"minecraft:recipes/misc/charcoal":{"criteria":{"has_log":"2025-02-07 19:41:26 +0000"},"done":true},"minecraft:recipes/building_blocks/acacia_wood":{"criteria":{"has_log":"2025-02-07 19:41:26 +0000"},"done":true},"minecraft:recipes/building_blocks/acacia_planks":{"criteria":{"has_log":"2025-02-07 19:41:26 +0000"},"done":true},"minecraft:recipes/redstone/acacia_button":{"criteria":{"has_planks":"2025-02-07 19:42:52 +0000"},"done":true},"minecraft:recipes/redstone/acacia_pressure_plate":{"criteria":{"has_planks":"2025-02-07 19:42:52 +0000"},"done":true},"minecraft:recipes/decorations/acacia_sign":{"criteria":{"has_planks":"2025-02-07 19:42:52 +0000"},"done":true},"minecraft:recipes/building_blocks/acacia_slab":{"criteria":{"has_planks":"2025-02-07 19:42:52 +0000"},"done":true},"minecraft:recipes/redstone/acacia_trapdoor":{"criteria":{"has_planks":"2025-02-07 19:42:52 +0000"},"done":true},"minecraft:recipes/misc/stick":{"criteria":{"has_planks":"2025-02-07 19:42:52 +0000"},"done":true},"minecraft:recipes/decorations/acacia_fence":{"criteria":{"has_planks":"2025-02-07 19:42:52 +0000"},"done":true},"minecraft:recipes/decorations/barrel":{"criteria":{"has_planks":"2025-02-07 19:42:52 +0000"},"done":true},"minecraft:recipes/building_blocks/acacia_stairs":{"criteria":{"has_planks":"2025-02-07 19:42:52 +0000"},"done":true},"minecraft:recipes/redstone/acacia_door":{"criteria":{"has_planks":"2025-02-07 19:42:52 +0000"},"done":true},"minecraft:recipes/redstone/acacia_fence_gate":{"criteria":{"has_planks":"2025-02-07 19:42:52 +0000"},"done":true},"minecraft:recipes/decorations/ladder":{"criteria":{"has_stick":"2025-02-07 19:42:58 +0000"},"done":true},"minecraft:recipes/decorations/campfire":{"criteria":{"has_stick":"2025-02-07 19:42:58 +0000"},"done":true},"minecraft:recipes/tools/wooden_hoe":{"criteria":{"has_stick":"2025-02-07 19:42:58 +0000"},"done":true},"minecraft:recipes/tools/wooden_pickaxe":{"criteria":{"has_stick":"2025-02-07 19:42:58 +0000"},"done":true},"minecraft:recipes/tools/wooden_axe":{"criteria":{"has_stick":"2025-02-07 19:42:58 +0000"},"done":true},"minecraft:recipes/tools/wooden_shovel":{"criteria":{"has_stick":"2025-02-07 19:42:58 +0000"},"done":true},"minecraft:recipes/combat/wooden_sword":{"criteria":{"has_stick":"2025-02-07 19:42:58 +0000"},"done":true},"minecraft:recipes/building_blocks/coal_block":{"criteria":{"has_coal":"2025-02-07 19:43:23 +0000"},"done":true},"minecraft:recipes/redstone/lever":{"criteria":{"has_cobblestone":"2025-02-07 19:44:02 +0000"},"done":true},"minecraft:recipes/combat/stone_sword":{"criteria":{"has_cobblestone":"2025-02-07 19:44:02 +0000"},"done":true},"minecraft:recipes/decorations/cobblestone_wall":{"criteria":{"has_cobblestone":"2025-02-07 19:44:02 +0000"},"done":true},"minecraft:recipes/tools/stone_pickaxe":{"criteria":{"has_cobblestone":"2025-02-07 19:44:02 +0000"},"done":true},"minecraft:recipes/tools/stone_axe":{"criteria":{"has_cobblestone":"2025-02-07 19:44:02 +0000"},"done":true},"minecraft:story/mine_stone":{"criteria":{"get_stone":"2025-02-07 19:44:02 +0000"},"done":true},"minecraft:recipes/decorations/furnace":{"criteria":{"has_cobblestone":"2025-02-07 19:44:02 +0000"},"done":true},"minecraft:recipes/building_blocks/cobblestone_slab":{"criteria":{"has_cobblestone":"2025-02-07 19:44:02 +0000"},"done":true},"minecraft:recipes/building_blocks/cobblestone_slab_from_cobblestone_stonecutting":{"criteria":{"has_cobblestone":"2025-02-07 19:44:02 +0000"},"done":true},"minecraft:recipes/building_blocks/stone":{"criteria":{"has_cobblestone":"2025-02-07 19:44:02 +0000"},"done":true},"minecraft:recipes/decorations/cobblestone_wall_from_cobblestone_stonecutting":{"criteria":{"has_cobblestone":"2025-02-07 19:44:02 +0000"},"done":true},"minecraft:recipes/building_blocks/cobblestone_stairs_from_cobblestone_stonecutting":{"criteria":{"has_cobblestone":"2025-02-07 19:44:02 +0000"},"done":true},"minecraft:recipes/building_blocks/cobblestone_stairs":{"criteria":{"has_cobblestone":"2025-02-07 19:44:02 +0000"},"done":true},"minecraft:recipes/tools/stone_hoe":{"criteria":{"has_cobblestone":"2025-02-07 19:44:02 +0000"},"done":true},"minecraft:recipes/tools/stone_shovel":{"criteria":{"has_cobblestone":"2025-02-07 19:44:02 +0000"},"done":true},"minecraft:recipes/transportation/mangrove_boat":{"criteria":{"in_water":"2025-02-07 19:44:16 +0000"},"done":true},"minecraft:recipes/transportation/acacia_boat":{"criteria":{"in_water":"2025-02-07 19:44:16 +0000"},"done":true},"minecraft:recipes/transportation/cherry_boat":{"criteria":{"in_water":"2025-02-07 19:44:16 +0000"},"done":true},"minecraft:recipes/transportation/pale_oak_boat":{"criteria":{"in_water":"2025-02-07 19:44:16 +0000"},"done":true},"minecraft:recipes/transportation/bamboo_raft":{"criteria":{"in_water":"2025-02-07 19:44:16 +0000"},"done":true},"minecraft:recipes/transportation/spruce_boat":{"criteria":{"in_water":"2025-02-07 19:44:16 +0000"},"done":true},"minecraft:recipes/transportation/birch_boat":{"criteria":{"in_water":"2025-02-07 19:44:16 +0000"},"done":true},"minecraft:recipes/transportation/oak_boat":{"criteria":{"in_water":"2025-02-07 19:44:16 +0000"},"done":true},"minecraft:recipes/transportation/jungle_boat":{"criteria":{"in_water":"2025-02-07 19:44:16 +0000"},"done":true},"minecraft:recipes/transportation/dark_oak_boat":{"criteria":{"in_water":"2025-02-07 19:44:16 +0000"},"done":true},"minecraft:recipes/food/cooked_mutton_from_smoking":{"criteria":{"has_mutton":"2025-02-07 19:47:53 +0000"},"done":true},"minecraft:recipes/food/cooked_mutton":{"criteria":{"has_mutton":"2025-02-07 19:47:53 +0000"},"done":true},"minecraft:recipes/decorations/white_banner":{"criteria":{"has_white_wool":"2025-02-07 19:47:53 +0000"},"done":true},"minecraft:recipes/decorations/painting":{"criteria":{"has_wool":"2025-02-07 19:47:53 +0000"},"done":true},"minecraft:recipes/food/cooked_mutton_from_campfire_cooking":{"criteria":{"has_mutton":"2025-02-07 19:47:53 +0000"},"done":true},"minecraft:recipes/decorations/white_bed":{"criteria":{"has_white_wool":"2025-02-07 19:47:53 +0000"},"done":true},"minecraft:recipes/decorations/white_carpet":{"criteria":{"has_white_wool":"2025-02-07 19:47:53 +0000"},"done":true},"minecraft:recipes/misc/iron_nugget_from_smelting":{"criteria":{"has_iron_pickaxe":"2025-02-07 19:48:15 +0000"},"done":true},"minecraft:story/iron_tools":{"criteria":{"iron_pickaxe":"2025-02-07 19:48:15 +0000"},"done":true},"minecraft:recipes/misc/iron_nugget_from_blasting":{"criteria":{"has_iron_pickaxe":"2025-02-07 19:48:15 +0000"},"done":true},"minecraft:husbandry/balanced_diet":{"criteria":{"cooked_porkchop":"2025-02-07 20:18:55 +0000","cooked_beef":"2025-02-07 19:48:24 +0000"},"done":false},"minecraft:husbandry/root":{"criteria":{"consumed_item":"2025-02-07 19:48:24 +0000"},"done":true},"minecraft:recipes/decorations/smoker":{"criteria":{"has_furnace":"2025-02-07 19:48:42 +0000"},"done":true},"minecraft:recipes/decorations/chest":{"criteria":{"has_lots_of_items":"2025-02-07 19:48:55 +0000"},"done":true},"minecraft:recipes/food/cooked_porkchop":{"criteria":{"has_porkchop":"2025-02-07 19:49:07 +0000"},"done":true},"minecraft:recipes/food/cooked_porkchop_from_campfire_cooking":{"criteria":{"has_porkchop":"2025-02-07 19:49:07 +0000"},"done":true},"minecraft:recipes/food/cooked_porkchop_from_smoking":{"criteria":{"has_porkchop":"2025-02-07 19:49:07 +0000"},"done":true},"minecraft:recipes/building_blocks/sandstone_stairs":{"criteria":{"has_sandstone":"2025-02-07 19:58:24 +0000"},"done":true},"minecraft:recipes/building_blocks/sandstone_slab":{"criteria":{"has_sandstone":"2025-02-07 19:58:24 +0000"},"done":true},"minecraft:recipes/building_blocks/cut_sandstone_from_sandstone_stonecutting":{"criteria":{"has_sandstone":"2025-02-07 19:58:24 +0000"},"done":true},"minecraft:recipes/building_blocks/chiseled_sandstone_from_sandstone_stonecutting":{"criteria":{"has_sandstone":"2025-02-07 19:58:24 +0000"},"done":true},"minecraft:recipes/building_blocks/smooth_sandstone":{"criteria":{"has_sandstone":"2025-02-07 19:58:24 +0000"},"done":true},"minecraft:recipes/decorations/sandstone_wall_from_sandstone_stonecutting":{"criteria":{"has_sandstone":"2025-02-07 19:58:24 +0000"},"done":true},"minecraft:recipes/building_blocks/cut_sandstone_slab_from_sandstone_stonecutting":{"criteria":{"has_sandstone":"2025-02-07 19:58:24 +0000"},"done":true},"minecraft:recipes/building_blocks/cut_sandstone":{"criteria":{"has_sandstone":"2025-02-07 19:58:24 +0000"},"done":true},"minecraft:recipes/building_blocks/sandstone_slab_from_sandstone_stonecutting":{"criteria":{"has_sandstone":"2025-02-07 19:58:24 +0000"},"done":true},"minecraft:recipes/building_blocks/sandstone_stairs_from_sandstone_stonecutting":{"criteria":{"has_sandstone":"2025-02-07 19:58:24 +0000"},"done":true},"minecraft:recipes/decorations/sandstone_wall":{"criteria":{"has_sandstone":"2025-02-07 19:58:24 +0000"},"done":true},"minecraft:recipes/building_blocks/lime_concrete_powder":{"criteria":{"has_sand":"2025-02-07 19:58:29 +0000"},"done":true},"minecraft:recipes/building_blocks/light_gray_concrete_powder":{"criteria":{"has_sand":"2025-02-07 19:58:29 +0000"},"done":true},"minecraft:recipes/building_blocks/pink_concrete_powder":{"criteria":{"has_sand":"2025-02-07 19:58:29 +0000"},"done":true},"minecraft:recipes/building_blocks/orange_concrete_powder":{"criteria":{"has_sand":"2025-02-07 19:58:29 +0000"},"done":true},"minecraft:recipes/building_blocks/red_concrete_powder":{"criteria":{"has_sand":"2025-02-07 19:58:29 +0000"},"done":true},"minecraft:recipes/building_blocks/magenta_concrete_powder":{"criteria":{"has_sand":"2025-02-07 19:58:29 +0000"},"done":true},"minecraft:recipes/building_blocks/brown_concrete_powder":{"criteria":{"has_sand":"2025-02-07 19:58:29 +0000"},"done":true},"minecraft:recipes/building_blocks/light_blue_concrete_powder":{"criteria":{"has_sand":"2025-02-07 19:58:29 +0000"},"done":true},"minecraft:recipes/building_blocks/glass":{"criteria":{"has_smelts_to_glass":"2025-02-07 19:58:29 +0000"},"done":true},"minecraft:recipes/building_blocks/green_concrete_powder":{"criteria":{"has_sand":"2025-02-07 19:58:29 +0000"},"done":true},"minecraft:recipes/building_blocks/blue_concrete_powder":{"criteria":{"has_sand":"2025-02-07 19:58:29 +0000"},"done":true},"minecraft:recipes/building_blocks/yellow_concrete_powder":{"criteria":{"has_sand":"2025-02-07 19:58:29 +0000"},"done":true},"minecraft:recipes/building_blocks/sandstone":{"criteria":{"has_sand":"2025-02-07 19:58:29 +0000"},"done":true},"minecraft:recipes/building_blocks/white_concrete_powder":{"criteria":{"has_sand":"2025-02-07 19:58:29 +0000"},"done":true},"minecraft:recipes/building_blocks/gray_concrete_powder":{"criteria":{"has_sand":"2025-02-07 19:58:29 +0000"},"done":true},"minecraft:recipes/building_blocks/black_concrete_powder":{"criteria":{"has_sand":"2025-02-07 19:58:29 +0000"},"done":true},"minecraft:recipes/building_blocks/purple_concrete_powder":{"criteria":{"has_sand":"2025-02-07 19:58:29 +0000"},"done":true},"minecraft:recipes/building_blocks/cyan_concrete_powder":{"criteria":{"has_sand":"2025-02-07 19:58:29 +0000"},"done":true},"minecraft:recipes/misc/iron_ingot_from_smelting_raw_iron":{"criteria":{"has_raw_iron":"2025-02-07 19:59:39 +0000"},"done":true},"minecraft:recipes/building_blocks/raw_iron_block":{"criteria":{"has_raw_iron":"2025-02-07 19:59:39 +0000"},"done":true},"minecraft:recipes/misc/iron_ingot_from_blasting_raw_iron":{"criteria":{"has_raw_iron":"2025-02-07 19:59:39 +0000"},"done":true},"minecraft:recipes/decorations/torch":{"criteria":{"has_the_recipe":"2025-02-07 20:07:49 +0000"},"done":true},"minecraft:adventure/kill_all_mobs":{"criteria":{"minecraft:skeleton":"2025-02-07 20:20:48 +0000","minecraft:spider":"2025-02-07 20:09:15 +0000","minecraft:zombie":"2025-02-07 20:09:07 +0000"},"done":false},"minecraft:adventure/kill_a_mob":{"criteria":{"minecraft:zombie":"2025-02-07 20:09:07 +0000"},"done":true},"minecraft:recipes/combat/diamond_leggings":{"criteria":{"has_diamond":"2025-02-07 20:12:04 +0000"},"done":true},"minecraft:recipes/combat/diamond_sword":{"criteria":{"has_diamond":"2025-02-07 20:12:04 +0000"},"done":true},"minecraft:recipes/decorations/jukebox":{"criteria":{"has_diamond":"2025-02-07 20:12:04 +0000"},"done":true},"minecraft:recipes/combat/diamond_chestplate":{"criteria":{"has_diamond":"2025-02-07 20:12:04 +0000"},"done":true},"minecraft:recipes/combat/diamond_helmet":{"criteria":{"has_diamond":"2025-02-07 20:12:04 +0000"},"done":true},"minecraft:recipes/tools/diamond_pickaxe":{"criteria":{"has_diamond":"2025-02-07 20:12:04 +0000"},"done":true},"minecraft:recipes/building_blocks/diamond_block":{"criteria":{"has_diamond":"2025-02-07 20:12:04 +0000"},"done":true},"minecraft:recipes/tools/diamond_hoe":{"criteria":{"has_diamond":"2025-02-07 20:12:04 +0000"},"done":true},"minecraft:recipes/tools/diamond_shovel":{"criteria":{"has_diamond":"2025-02-07 20:12:04 +0000"},"done":true},"minecraft:story/mine_diamond":{"criteria":{"diamond":"2025-02-07 20:12:04 +0000"},"done":true},"minecraft:recipes/tools/diamond_axe":{"criteria":{"has_diamond":"2025-02-07 20:12:04 +0000"},"done":true},"minecraft:recipes/combat/diamond_boots":{"criteria":{"has_diamond":"2025-02-07 20:12:04 +0000"},"done":true},"minecraft:recipes/building_blocks/polished_deepslate":{"criteria":{"has_cobbled_deepslate":"2025-02-07 20:13:21 +0000"},"done":true},"minecraft:recipes/building_blocks/deepslate_tile_stairs_from_cobbled_deepslate_stonecutting":{"criteria":{"has_cobbled_deepslate":"2025-02-07 20:13:21 +0000"},"done":true},"minecraft:recipes/decorations/deepslate_brick_wall_from_cobbled_deepslate_stonecutting":{"criteria":{"has_cobbled_deepslate":"2025-02-07 20:13:21 +0000"},"done":true},"minecraft:recipes/building_blocks/polished_deepslate_from_cobbled_deepslate_stonecutting":{"criteria":{"has_cobbled_deepslate":"2025-02-07 20:13:21 +0000"},"done":true},"minecraft:recipes/building_blocks/polished_deepslate_slab_from_cobbled_deepslate_stonecutting":{"criteria":{"has_cobbled_deepslate":"2025-02-07 20:13:21 +0000"},"done":true},"minecraft:recipes/building_blocks/deepslate_brick_stairs_from_cobbled_deepslate_stonecutting":{"criteria":{"has_cobbled_deepslate":"2025-02-07 20:13:21 +0000"},"done":true},"minecraft:recipes/building_blocks/deepslate_brick_slab_from_cobbled_deepslate_stonecutting":{"criteria":{"has_cobbled_deepslate":"2025-02-07 20:13:21 +0000"},"done":true},"minecraft:recipes/building_blocks/cobbled_deepslate_slab_from_cobbled_deepslate_stonecutting":{"criteria":{"has_cobbled_deepslate":"2025-02-07 20:13:21 +0000"},"done":true},"minecraft:recipes/building_blocks/deepslate_tile_slab_from_cobbled_deepslate_stonecutting":{"criteria":{"has_cobbled_deepslate":"2025-02-07 20:13:21 +0000"},"done":true},"minecraft:recipes/building_blocks/cobbled_deepslate_stairs":{"criteria":{"has_cobbled_deepslate":"2025-02-07 20:13:21 +0000"},"done":true},"minecraft:recipes/building_blocks/chiseled_deepslate_from_cobbled_deepslate_stonecutting":{"criteria":{"has_cobbled_deepslate":"2025-02-07 20:13:21 +0000"},"done":true},"minecraft:recipes/building_blocks/cobbled_deepslate_slab":{"criteria":{"has_cobbled_deepslate":"2025-02-07 20:13:21 +0000"},"done":true},"minecraft:recipes/decorations/cobbled_deepslate_wall_from_cobbled_deepslate_stonecutting":{"criteria":{"has_cobbled_deepslate":"2025-02-07 20:13:21 +0000"},"done":true},"minecraft:recipes/decorations/deepslate_tile_wall_from_cobbled_deepslate_stonecutting":{"criteria":{"has_cobbled_deepslate":"2025-02-07 20:13:21 +0000"},"done":true},"minecraft:recipes/decorations/cobbled_deepslate_wall":{"criteria":{"has_cobbled_deepslate":"2025-02-07 20:13:21 +0000"},"done":true},"minecraft:recipes/decorations/polished_deepslate_wall_from_cobbled_deepslate_stonecutting":{"criteria":{"has_cobbled_deepslate":"2025-02-07 20:13:21 +0000"},"done":true},"minecraft:recipes/building_blocks/deepslate_bricks_from_cobbled_deepslate_stonecutting":{"criteria":{"has_cobbled_deepslate":"2025-02-07 20:13:21 +0000"},"done":true},"minecraft:recipes/building_blocks/deepslate_tiles_from_cobbled_deepslate_stonecutting":{"criteria":{"has_cobbled_deepslate":"2025-02-07 20:13:21 +0000"},"done":true},"minecraft:recipes/building_blocks/cobbled_deepslate_stairs_from_cobbled_deepslate_stonecutting":{"criteria":{"has_cobbled_deepslate":"2025-02-07 20:13:21 +0000"},"done":true},"minecraft:recipes/building_blocks/deepslate":{"criteria":{"has_cobbled_deepslate":"2025-02-07 20:13:21 +0000"},"done":true},"minecraft:recipes/building_blocks/polished_deepslate_stairs_from_cobbled_deepslate_stonecutting":{"criteria":{"has_cobbled_deepslate":"2025-02-07 20:13:21 +0000"},"done":true},"minecraft:recipes/combat/iron_sword":{"criteria":{"has_iron_ingot":"2025-02-07 20:16:28 +0000"},"done":true},"minecraft:recipes/tools/iron_pickaxe":{"criteria":{"has_iron_ingot":"2025-02-07 20:16:28 +0000"},"done":true},"minecraft:recipes/combat/iron_leggings":{"criteria":{"has_iron_ingot":"2025-02-07 20:16:28 +0000"},"done":true},"minecraft:recipes/combat/shield":{"criteria":{"has_iron_ingot":"2025-02-07 20:16:28 +0000"},"done":true},"minecraft:recipes/redstone/hopper":{"criteria":{"has_iron_ingot":"2025-02-07 20:16:28 +0000"},"done":true},"minecraft:recipes/decorations/iron_bars":{"criteria":{"has_iron_ingot":"2025-02-07 20:16:28 +0000"},"done":true},"minecraft:recipes/combat/iron_boots":{"criteria":{"has_iron_ingot":"2025-02-07 20:16:28 +0000"},"done":true},"minecraft:recipes/combat/iron_chestplate":{"criteria":{"has_iron_ingot":"2025-02-07 20:16:28 +0000"},"done":true},"minecraft:recipes/decorations/lantern":{"criteria":{"has_iron_ingot":"2025-02-07 20:16:28 +0000"},"done":true},"minecraft:recipes/misc/iron_nugget":{"criteria":{"has_iron_ingot":"2025-02-07 20:16:28 +0000"},"done":true},"minecraft:recipes/misc/bucket":{"criteria":{"has_iron_ingot":"2025-02-07 20:16:28 +0000"},"done":true},"minecraft:recipes/combat/iron_helmet":{"criteria":{"has_iron_ingot":"2025-02-07 20:16:28 +0000"},"done":true},"minecraft:recipes/transportation/minecart":{"criteria":{"has_iron_ingot":"2025-02-07 20:16:28 +0000"},"done":true},"minecraft:recipes/tools/iron_hoe":{"criteria":{"has_iron_ingot":"2025-02-07 20:16:28 +0000"},"done":true},"minecraft:recipes/tools/iron_shovel":{"criteria":{"has_iron_ingot":"2025-02-07 20:16:28 +0000"},"done":true},"minecraft:story/smelt_iron":{"criteria":{"iron":"2025-02-07 20:16:28 +0000"},"done":true},"minecraft:recipes/tools/shears":{"criteria":{"has_iron_ingot":"2025-02-07 20:16:28 +0000"},"done":true},"minecraft:recipes/redstone/iron_trapdoor":{"criteria":{"has_iron_ingot":"2025-02-07 20:16:28 +0000"},"done":true},"minecraft:recipes/decorations/chain":{"criteria":{"has_iron_ingot":"2025-02-07 20:16:28 +0000"},"done":true},"minecraft:recipes/building_blocks/iron_block":{"criteria":{"has_iron_ingot":"2025-02-07 20:16:28 +0000"},"done":true},"minecraft:recipes/tools/iron_axe":{"criteria":{"has_iron_ingot":"2025-02-07 20:16:28 +0000"},"done":true},"minecraft:recipes/combat/crossbow":{"criteria":{"has_iron_ingot":"2025-02-07 20:16:28 +0000"},"done":true},"minecraft:recipes/decorations/smithing_table":{"criteria":{"has_iron_ingot":"2025-02-07 20:16:28 +0000"},"done":true},"minecraft:recipes/redstone/iron_door":{"criteria":{"has_iron_ingot":"2025-02-07 20:16:28 +0000"},"done":true},"minecraft:recipes/redstone/heavy_weighted_pressure_plate":{"criteria":{"has_iron_ingot":"2025-02-07 20:16:28 +0000"},"done":true},"minecraft:recipes/brewing/cauldron":{"criteria":{"has_water_bucket":"2025-02-07 20:30:53 +0000"},"done":true},"minecraft:recipes/building_blocks/andesite_stairs_from_andesite_stonecutting":{"criteria":{"has_andesite":"2025-02-07 20:37:41 +0000"},"done":true},"minecraft:recipes/building_blocks/andesite_stairs":{"criteria":{"has_andesite":"2025-02-07 20:37:41 +0000"},"done":true},"minecraft:recipes/building_blocks/polished_andesite_from_andesite_stonecutting":{"criteria":{"has_andesite":"2025-02-07 20:37:41 +0000"},"done":true},"minecraft:recipes/building_blocks/polished_andesite":{"criteria":{"has_andesite":"2025-02-07 20:37:41 +0000"},"done":true},"minecraft:recipes/decorations/andesite_wall_from_andesite_stonecutting":{"criteria":{"has_andesite":"2025-02-07 20:37:41 +0000"},"done":true},"minecraft:recipes/building_blocks/polished_andesite_slab_from_andesite_stonecutting":{"criteria":{"has_andesite":"2025-02-07 20:37:41 +0000"},"done":true},"minecraft:recipes/decorations/andesite_wall":{"criteria":{"has_andesite":"2025-02-07 20:37:41 +0000"},"done":true},"minecraft:recipes/building_blocks/andesite_slab":{"criteria":{"has_andesite":"2025-02-07 20:37:41 +0000"},"done":true},"minecraft:recipes/building_blocks/polished_andesite_stairs_from_andesite_stonecutting":{"criteria":{"has_andesite":"2025-02-07 20:37:41 +0000"},"done":true},"minecraft:recipes/building_blocks/andesite_slab_from_andesite_stonecutting":{"criteria":{"has_andesite":"2025-02-07 20:37:41 +0000"},"done":true},"minecraft:recipes/building_blocks/diorite_stairs_from_diorite_stonecutting":{"criteria":{"has_diorite":"2025-02-07 20:39:53 +0000"},"done":true},"minecraft:recipes/building_blocks/polished_diorite":{"criteria":{"has_diorite":"2025-02-07 20:39:53 +0000"},"done":true},"minecraft:recipes/building_blocks/diorite_slab":{"criteria":{"has_diorite":"2025-02-07 20:39:53 +0000"},"done":true},"minecraft:recipes/decorations/diorite_wall_from_diorite_stonecutting":{"criteria":{"has_diorite":"2025-02-07 20:39:53 +0000"},"done":true},"minecraft:recipes/building_blocks/andesite":{"criteria":{"has_stone":"2025-02-07 20:39:53 +0000"},"done":true},"minecraft:recipes/building_blocks/polished_diorite_from_diorite_stonecutting":{"criteria":{"has_diorite":"2025-02-07 20:39:53 +0000"},"done":true},"minecraft:recipes/decorations/diorite_wall":{"criteria":{"has_diorite":"2025-02-07 20:39:53 +0000"},"done":true},"minecraft:recipes/building_blocks/diorite_slab_from_diorite_stonecutting":{"criteria":{"has_diorite":"2025-02-07 20:39:53 +0000"},"done":true},"minecraft:recipes/building_blocks/polished_diorite_slab_from_diorite_stonecutting":{"criteria":{"has_diorite":"2025-02-07 20:39:53 +0000"},"done":true},"minecraft:recipes/building_blocks/polished_diorite_stairs_from_diorite_stonecutting":{"criteria":{"has_diorite":"2025-02-07 20:39:53 +0000"},"done":true},"minecraft:recipes/building_blocks/diorite_stairs":{"criteria":{"has_diorite":"2025-02-07 20:39:53 +0000"},"done":true},"minecraft:recipes/misc/mojang_banner_pattern":{"criteria":{"has_enchanted_golden_apple":"2025-02-07 20:42:16 +0000"},"done":true},"minecraft:recipes/tools/flint_and_steel":{"criteria":{"has_obsidian":"2025-02-07 20:42:19 +0000"},"done":true},"minecraft:story/form_obsidian":{"criteria":{"obsidian":"2025-02-07 20:42:19 +0000"},"done":true},"minecraft:recipes/decorations/enchanting_table":{"criteria":{"has_obsidian":"2025-02-07 20:42:19 +0000"},"done":true},"minecraft:recipes/decorations/gray_bed":{"criteria":{"has_gray_wool":"2025-02-07 20:43:48 +0000"},"done":true},"minecraft:recipes/decorations/gray_banner":{"criteria":{"has_gray_wool":"2025-02-07 20:43:48 +0000"},"done":true},"minecraft:recipes/decorations/gray_carpet":{"criteria":{"has_gray_wool":"2025-02-07 20:43:48 +0000"},"done":true},"minecraft:recipes/food/cake":{"criteria":{"has_egg":"2025-02-07 21:29:42 +0000"},"done":true},"minecraft:recipes/building_blocks/dye_blue_wool":{"criteria":{"has_needed_dye":"2025-02-07 20:59:38 +0000"},"done":true},"minecraft:recipes/misc/light_blue_dye_from_blue_white_dye":{"criteria":{"has_blue_dye":"2025-02-07 20:59:38 +0000"},"done":true},"minecraft:recipes/building_blocks/oak_slab":{"criteria":{"has_planks":"2025-02-07 21:30:17 +0000"},"done":true},"minecraft:husbandry/tame_an_animal":{"criteria":{"tamed_animal":"2025-02-07 20:59:23 +0000"},"done":true},"minecraft:recipes/misc/cyan_dye":{"criteria":{"has_blue_dye":"2025-02-07 20:59:38 +0000"},"done":true},"minecraft:recipes/food/cooked_salmon_from_smoking":{"criteria":{"has_salmon":"2025-02-07 20:55:04 +0000"},"done":true},"minecraft:recipes/misc/leather":{"criteria":{"has_rabbit_hide":"2025-02-07 21:16:57 +0000"},"done":true},"minecraft:recipes/decorations/oak_sign":{"criteria":{"has_planks":"2025-02-07 21:30:17 +0000"},"done":true},"minecraft:recipes/redstone/oak_trapdoor":{"criteria":{"has_planks":"2025-02-07 21:30:17 +0000"},"done":true},"minecraft:recipes/building_blocks/dye_blue_carpet":{"criteria":{"has_needed_dye":"2025-02-07 20:59:38 +0000"},"done":true},"minecraft:recipes/brewing/fermented_spider_eye":{"criteria":{"has_spider_eye":"2025-02-07 21:43:10 +0000"},"done":true},"minecraft:recipes/misc/purple_dye":{"criteria":{"has_blue_dye":"2025-02-07 20:59:38 +0000"},"done":true},"minecraft:recipes/decorations/blue_candle":{"criteria":{"has_blue_dye":"2025-02-07 20:59:38 +0000"},"done":true},"minecraft:recipes/decorations/blue_stained_glass_pane_from_glass_pane":{"criteria":{"has_blue_dye":"2025-02-07 20:59:38 +0000"},"done":true},"minecraft:recipes/misc/white_dye":{"criteria":{"has_bone_meal":"2025-02-07 20:56:07 +0000"},"done":true},"minecraft:recipes/combat/bow":{"criteria":{"has_string":"2025-02-07 21:39:24 +0000"},"done":true},"minecraft:recipes/redstone/oak_fence_gate":{"criteria":{"has_planks":"2025-02-07 21:30:17 +0000"},"done":true},"minecraft:recipes/food/cooked_salmon_from_campfire_cooking":{"criteria":{"has_salmon":"2025-02-07 20:55:04 +0000"},"done":true},"minecraft:recipes/redstone/oak_pressure_plate":{"criteria":{"has_planks":"2025-02-07 21:30:17 +0000"},"done":true},"minecraft:recipes/food/cooked_salmon":{"criteria":{"has_salmon":"2025-02-07 20:55:04 +0000"},"done":true},"minecraft:recipes/misc/magenta_dye_from_blue_red_pink":{"criteria":{"has_blue_dye":"2025-02-07 20:59:38 +0000"},"done":true},"minecraft:recipes/redstone/oak_door":{"criteria":{"has_planks":"2025-02-07 21:30:17 +0000"},"done":true},"minecraft:adventure/shoot_arrow":{"criteria":{"shot_arrow":"2025-02-07 21:39:38 +0000"},"done":true},"minecraft:recipes/tools/fishing_rod":{"criteria":{"has_string":"2025-02-07 21:39:24 +0000"},"done":true},"minecraft:recipes/food/suspicious_stew_from_cornflower":{"criteria":{"has_cornflower":"2025-02-07 20:59:34 +0000"},"done":true},"minecraft:recipes/tools/blue_bundle":{"criteria":{"has_blue_dye":"2025-02-07 20:59:38 +0000"},"done":true},"minecraft:recipes/redstone/dispenser":{"criteria":{"has_bow":"2025-02-07 21:33:03 +0000"},"done":true},"minecraft:adventure/sleep_in_bed":{"criteria":{"slept_in_bed":"2025-02-07 20:53:51 +0000"},"done":true},"minecraft:recipes/building_blocks/oak_stairs":{"criteria":{"has_planks":"2025-02-07 21:30:17 +0000"},"done":true},"minecraft:recipes/building_blocks/white_wool_from_string":{"criteria":{"has_string":"2025-02-07 21:39:24 +0000"},"done":true},"minecraft:recipes/decorations/oak_fence":{"criteria":{"has_planks":"2025-02-07 21:30:17 +0000"},"done":true},"minecraft:recipes/misc/blue_dye_from_cornflower":{"criteria":{"has_cornflower":"2025-02-07 20:59:34 +0000"},"done":true},"minecraft:recipes/building_blocks/oak_planks":{"criteria":{"has_logs":"2025-02-07 21:29:52 +0000"},"done":true},"minecraft:recipes/building_blocks/dye_blue_bed":{"criteria":{"has_needed_dye":"2025-02-07 20:59:38 +0000"},"done":true},"minecraft:recipes/redstone/tripwire_hook":{"criteria":{"has_string":"2025-02-07 21:39:24 +0000"},"done":true},"minecraft:recipes/misc/wheat":{"criteria":{"has_hay_block":"2025-02-07 21:23:25 +0000"},"done":true},"minecraft:recipes/decorations/candle":{"criteria":{"has_string":"2025-02-07 21:39:24 +0000"},"done":true},"minecraft:recipes/misc/magenta_dye_from_blue_red_white_dye":{"criteria":{"has_blue_dye":"2025-02-07 20:59:38 +0000"},"done":true},"minecraft:recipes/redstone/target":{"criteria":{"has_hay_block":"2025-02-07 21:23:25 +0000"},"done":true},"minecraft:recipes/decorations/loom":{"criteria":{"has_string":"2025-02-07 21:39:24 +0000"},"done":true},"minecraft:recipes/tools/bundle":{"criteria":{"has_string":"2025-02-07 21:39:24 +0000"},"done":true},"minecraft:recipes/building_blocks/oak_wood":{"criteria":{"has_log":"2025-02-07 21:29:52 +0000"},"done":true},"minecraft:recipes/redstone/oak_button":{"criteria":{"has_planks":"2025-02-07 21:30:17 +0000"},"done":true},"minecraft:husbandry/complete_catalogue":{"criteria":{"minecraft:jellie":"2025-02-07 20:59:23 +0000"},"done":false},"minecraft:recipes/building_blocks/bone_block":{"criteria":{"has_bone_meal":"2025-02-07 20:56:07 +0000"},"done":true},"DataVersion":4189}