{"stats":{"minecraft:mined":{"minecraft:deepslate_diamond_ore":5,"minecraft:fire_coral_wall_fan":1,"minecraft:crafting_table":9,"minecraft:cornflower":1,"minecraft:torch":1,"minecraft:granite":29,"minecraft:short_grass":11,"minecraft:acacia_log":16,"minecraft:tall_grass":1,"minecraft:cobblestone":5,"minecraft:diorite":13,"minecraft:wall_torch":2,"minecraft:hay_block":7,"minecraft:furnace":8,"minecraft:iron_ore":36,"minecraft:andesite":21,"minecraft:fletching_table":3,"minecraft:gold_block":1,"minecraft:sand":3,"minecraft:oak_log":48,"minecraft:coal_ore":90,"minecraft:deepslate_iron_ore":1,"minecraft:gravel":28,"minecraft:stone":114,"minecraft:oak_leaves":15,"minecraft:deepslate":43},"minecraft:broken":{"minecraft:iron_pickaxe":1},"minecraft:picked_up":{"minecraft:crafting_table":9,"minecraft:water_bucket":1,"minecraft:andesite":20,"minecraft:leather":13,"minecraft:gold_block":1,"minecraft:flint":2,"minecraft:oak_log":48,"minecraft:gunpowder":5,"minecraft:acacia_boat":2,"minecraft:cornflower":1,"minecraft:string":5,"minecraft:cooked_mutton":2,"minecraft:bone":8,"minecraft:acacia_planks":11,"minecraft:bow":1,"minecraft:wheat_seeds":1,"minecraft:cobbled_deepslate":37,"minecraft:iron_ingot":16,"minecraft:beef":12,"minecraft:fletching_table":3,"minecraft:rabbit":1,"minecraft:acacia_sapling":3,"minecraft:furnace":8,"minecraft:raw_iron":36,"minecraft:sandstone":3,"minecraft:sand":3,"minecraft:torch":67,"minecraft:acacia_log":16,"minecraft:gravel":26,"minecraft:porkchop":58,"minecraft:diorite":13,"minecraft:rabbit_foot":1,"minecraft:arrow":5,"minecraft:rotten_flesh":15,"minecraft:diamond":5,"minecraft:hay_block":7,"minecraft:granite":29,"minecraft:oak_sapling":1,"minecraft:mutton":23,"minecraft:coal":148,"minecraft:white_wool":13,"minecraft:cobblestone":116},"minecraft:used":{"minecraft:cooked_mutton":17,"minecraft:acacia_boat":2,"minecraft:water_bucket":15,"minecraft:stone_sword":51,"minecraft:stone_pickaxe":77,"minecraft:shield":8,"minecraft:wooden_pickaxe":23,"minecraft:sandstone":3,"minecraft:iron_sword":20,"minecraft:fletching_table":4,"minecraft:torch":20,"minecraft:crafting_table":10,"minecraft:iron_axe":146,"minecraft:bread":2,"minecraft:iron_pickaxe":267,"minecraft:gravel":26,"minecraft:stone_axe":45,"minecraft:bow":5,"minecraft:cobblestone":43,"minecraft:oak_sapling":1,"minecraft:furnace":11,"minecraft:cooked_porkchop":6,"minecraft:cooked_rabbit":1,"minecraft:bucket":17,"minecraft:cooked_beef":3,"minecraft:acacia_planks":4},"minecraft:dropped":{"minecraft:water_bucket":2,"minecraft:iron_sword":1,"minecraft:stone_axe":1,"minecraft:porkchop":18,"minecraft:wheat_seeds":1,"minecraft:cooked_beef":1,"minecraft:stone_sword":1,"minecraft:cooked_porkchop":12,"minecraft:stick":2,"minecraft:cornflower":1,"minecraft:torch":64,"minecraft:bundle":1,"minecraft:mutton":9,"minecraft:acacia_sapling":3,"minecraft:arrow":64,"minecraft:bow":1,"minecraft:wooden_pickaxe":1,"minecraft:stone_pickaxe":1,"minecraft:iron_pickaxe":1},"minecraft:custom":{"minecraft:interact_with_furnace":63,"minecraft:mob_kills":83,"minecraft:traded_with_villager":23,"minecraft:interact_with_crafting_table":19,"minecraft:leave_game":7,"minecraft:time_since_death":152131,"minecraft:sleep_in_bed":2,"minecraft:time_since_rest":50904,"minecraft:sprint_one_cm":300438,"minecraft:damage_taken":1690,"minecraft:walk_one_cm":249397,"minecraft:damage_blocked_by_shield":201,"minecraft:drop":21,"minecraft:damage_dealt":10127,"minecraft:talked_to_villager":9,"minecraft:swim_one_cm":1270,"minecraft:fly_one_cm":276270,"minecraft:open_chest":1,"minecraft:crouch_one_cm":1106,"minecraft:play_time":152131,"minecraft:sneak_time":1048,"minecraft:walk_under_water_one_cm":12403,"minecraft:boat_one_cm":229524,"minecraft:jump":1586,"minecraft:interact_with_blast_furnace":6,"minecraft:walk_on_water_one_cm":20285,"minecraft:total_world_time":152131,"minecraft:fall_one_cm":36225},"minecraft:killed":{"minecraft:armadillo":1,"minecraft:pig":22,"minecraft:rabbit":1,"minecraft:spider":3,"minecraft:creeper":5,"minecraft:sheep":12,"minecraft:skeleton":7,"minecraft:zombie":22,"minecraft:cow":8},"minecraft:crafted":{"minecraft:cooked_beef":4,"minecraft:oak_planks":192,"minecraft:arrow":128,"minecraft:emerald":13,"minecraft:cooked_porkchop":22,"minecraft:crafting_table":1,"minecraft:wooden_pickaxe":1,"minecraft:iron_sword":2,"minecraft:furnace":3,"minecraft:fletching_table":1,"minecraft:bucket":2,"minecraft:stone_axe":1,"minecraft:bread":21,"minecraft:cooked_mutton":36,"minecraft:acacia_boat":1,"minecraft:air":0,"minecraft:bow":3,"minecraft:shield":1,"minecraft:iron_axe":1,"minecraft:stick":460,"minecraft:iron_ingot":35,"minecraft:iron_pickaxe":3,"minecraft:stone_pickaxe":1,"minecraft:stone_sword":1,"minecraft:bundle":3,"minecraft:acacia_planks":64,"minecraft:torch":92,"minecraft:cooked_rabbit":1,"minecraft:wheat":63}},"DataVersion":4189}