{"stats":{"minecraft:mined":{"minecraft:deepslate_diamond_ore":8,"minecraft:cornflower":1,"minecraft:torch":1,"minecraft:short_grass":52,"minecraft:acacia_log":14,"minecraft:grass_block":8,"minecraft:tall_grass":6,"minecraft:cobblestone":6,"minecraft:wall_torch":2,"minecraft:sandstone":2,"minecraft:hay_block":12,"minecraft:tall_seagrass":1,"minecraft:furnace":1,"minecraft:cobbled_deepslate":4,"minecraft:iron_ore":27,"minecraft:andesite":2,"minecraft:oak_log":163,"minecraft:coal_ore":73,"minecraft:deepslate_iron_ore":6,"minecraft:sand":5,"minecraft:stone":17,"minecraft:oak_leaves":75,"minecraft:deepslate":42},"minecraft:broken":{"minecraft:iron_pickaxe":1,"minecraft:wooden_pickaxe":1},"minecraft:picked_up":{"minecraft:cooked_beef":1,"minecraft:salmon":15,"minecraft:water_bucket":1,"minecraft:andesite":2,"minecraft:leather":18,"minecraft:oak_log":159,"minecraft:cornflower":2,"minecraft:dirt":8,"minecraft:string":6,"minecraft:apple":1,"minecraft:bow":1,"minecraft:wheat_seeds":4,"minecraft:cobbled_deepslate":49,"minecraft:rabbit_hide":1,"minecraft:beef":21,"minecraft:iron_pickaxe":1,"minecraft:iron_sword":1,"minecraft:acacia_sapling":1,"minecraft:egg":1,"minecraft:furnace":1,"minecraft:stick":9,"minecraft:raw_iron":34,"minecraft:sandstone":2,"minecraft:cooked_porkchop":12,"minecraft:torch":72,"minecraft:acacia_log":14,"minecraft:sand":5,"minecraft:porkchop":73,"minecraft:diorite":8,"minecraft:spider_eye":1,"minecraft:bundle":1,"minecraft:arrow":66,"minecraft:rotten_flesh":5,"minecraft:diamond":8,"minecraft:hay_block":12,"minecraft:bone_meal":2,"minecraft:gray_wool":2,"minecraft:oak_sapling":4,"minecraft:mutton":26,"minecraft:coal":93,"minecraft:white_wool":9,"minecraft:cobblestone":25},"minecraft:used":{"minecraft:chest":2,"minecraft:wooden_pickaxe":52,"minecraft:sandstone":2,"minecraft:iron_sword":222,"minecraft:white_wool":1,"minecraft:torch":82,"minecraft:dirt":5,"minecraft:sand":5,"minecraft:acacia_sapling":1,"minecraft:iron_axe":201,"minecraft:iron_pickaxe":343,"minecraft:bow":4,"minecraft:cobblestone":20,"minecraft:oak_sapling":4,"minecraft:furnace":1,"minecraft:cooked_porkchop":11,"minecraft:andesite":2,"minecraft:bone_meal":2,"minecraft:cooked_beef":9,"minecraft:cobbled_deepslate":49},"minecraft:dropped":{"minecraft:porkchop":28,"minecraft:wheat_seeds":4,"minecraft:rotten_flesh":5,"minecraft:leather":1,"minecraft:cooked_mutton":2,"minecraft:torch":64,"minecraft:white_wool":2},"minecraft:custom":{"minecraft:interact_with_furnace":42,"minecraft:mob_kills":72,"minecraft:interact_with_crafting_table":7,"minecraft:leave_game":4,"minecraft:time_since_death":62313,"minecraft:sleep_in_bed":5,"minecraft:climb_one_cm":1094,"minecraft:time_since_rest":20032,"minecraft:sprint_one_cm":255876,"minecraft:damage_taken":3187,"minecraft:walk_one_cm":233145,"minecraft:drop":11,"minecraft:damage_dealt":8266,"minecraft:talked_to_villager":2,"minecraft:swim_one_cm":36857,"minecraft:fly_one_cm":319464,"minecraft:open_chest":6,"minecraft:crouch_one_cm":2737,"minecraft:play_time":148271,"minecraft:deaths":7,"minecraft:sneak_time":1702,"minecraft:walk_under_water_one_cm":10728,"minecraft:boat_one_cm":259894,"minecraft:jump":2001,"minecraft:interact_with_blast_furnace":3,"minecraft:walk_on_water_one_cm":27412,"minecraft:total_world_time":148271,"minecraft:fall_one_cm":45979},"minecraft:killed_by":{"minecraft:skeleton":2,"minecraft:creeper":1,"minecraft:zombie":2},"minecraft:killed":{"minecraft:pig":17,"minecraft:salmon":16,"minecraft:spider":7,"minecraft:skeleton":2,"minecraft:sheep":11,"minecraft:zombie":5,"minecraft:cow":11},"minecraft:crafted":{"minecraft:cooked_beef":29,"minecraft:oak_planks":20,"minecraft:cooked_porkchop":58,"minecraft:wooden_pickaxe":1,"minecraft:iron_sword":1,"minecraft:cooked_mutton":2,"minecraft:blue_dye":1,"minecraft:iron_axe":1,"minecraft:stick":72,"minecraft:iron_ingot":20,"minecraft:iron_pickaxe":2,"minecraft:chest":2,"minecraft:acacia_planks":56,"minecraft:torch":248}},"DataVersion":4189}